layer,head,mean_delta_h1,std_delta_h1,n_prompts,role,stability
0,0,0.0005126244078079859,0.009053967521656318,40,neutral,0.975
0,1,0.001064091374476751,0.014835467394046698,40,neutral,0.925
0,2,0.0036957045041379477,0.028338008616713265,40,neutral,0.875
0,3,-0.0004126038934503286,0.0014581664245122122,40,neutral,1.0
0,4,-0.002665384993465649,0.012042941608167042,40,neutral,0.975
0,5,-0.002480973800023397,0.02622740512876233,40,neutral,0.85
0,6,0.0,0.0,40,neutral,1.0
0,7,-0.0002459677557150524,0.0026616866373882315,40,neutral,1.0
0,8,2.314150333404541e-05,0.00122789624734145,40,neutral,1.0
0,9,0.008467370395859083,0.02804044294169683,40,neutral,0.9
0,10,0.0027621790766716005,0.02058709706473374,40,neutral,0.925
0,11,0.005184091347314062,0.018304935418004934,40,neutral,0.95
0,12,7.755383849143982e-05,0.027031412802239592,40,neutral,0.825
0,13,0.00464418446024259,0.030200429121859093,40,neutral,0.825
0,14,-0.0022094368934631346,0.018951234998477468,40,neutral,0.925
0,15,-0.0014745049249558217,0.008029571429486652,40,neutral,0.975
0,16,0.006654108067353568,0.03189118036417537,40,neutral,0.825
0,17,0.008639400047915323,0.03593777157168666,40,neutral,0.675
0,18,-0.004685958698391913,0.04936173576303927,40,neutral,0.65
0,19,0.003153015424807866,0.02739391070367308,40,neutral,0.9
0,20,-0.0011001597273917426,0.016334627775142548,40,neutral,0.95
0,21,0.0,0.0,40,neutral,1.0
0,22,-0.003877440094947815,0.013793264970957916,40,neutral,0.925
0,23,-0.004310635974009831,0.024986487239666413,40,neutral,0.875
0,24,-0.008238599449396134,0.03087682446520168,40,neutral,0.825
0,25,-0.008942396193742753,0.04554000795523606,40,neutral,0.55
0,26,-0.005201883614063263,0.01987808716648151,40,neutral,0.925
0,27,-0.013975313554207483,0.04860010966593781,40,neutral,0.6
1,0,0.003085348556439082,0.020955776255613658,40,neutral,0.85
1,1,0.0,0.0,40,neutral,1.0
1,2,0.0,0.0,40,neutral,1.0
1,3,0.0014180034399032594,0.014769827432197308,40,neutral,0.925
1,4,-0.0016864985227584839,0.010666353204852253,40,neutral,0.975
1,5,0.0010343596339225769,0.00830921798806141,40,neutral,0.975
1,6,-0.003029382601380348,0.013379563509654913,40,neutral,0.95
1,7,0.00796722526351611,0.02136368858761143,40,neutral,0.85
1,8,-0.004521680623292923,0.025162135725489528,40,neutral,0.85
1,9,-0.0011637257039546968,0.01783885667885646,40,neutral,0.9
1,10,-0.00018746107816696166,0.018271061975880465,40,neutral,0.9
1,11,0.0008494447668393454,0.028095213732385337,40,neutral,0.85
1,12,-0.006034664064645767,0.01753681992029559,40,neutral,0.9
1,13,0.002269148826599121,0.011675354644357623,40,neutral,0.95
1,14,0.002139863634393329,0.02339487986390937,40,neutral,0.85
1,15,0.004032668968041738,0.021014408159492404,40,neutral,0.9
1,16,0.01084251049373831,0.03590124267379967,40,neutral,0.625
1,17,0.0005299793680508932,0.012552761548715086,40,neutral,0.95
1,18,-0.003170046955347061,0.019761152968513482,40,neutral,0.9
1,19,0.013125966886679333,0.02481230961818594,40,neutral,0.8
1,20,-0.0004343378047148384,0.024894056007860432,40,neutral,0.825
1,21,0.0,0.0,40,neutral,1.0
1,22,0.001312255859375,0.00829943477705324,40,neutral,0.975
1,23,0.013186397651831308,0.032081311651295824,40,neutral,0.675
1,24,0.0003448213140169777,0.01233041382648102,40,neutral,0.95
1,25,-0.0007711142301559448,0.010195004452362974,40,neutral,0.95
1,26,0.001318359375,0.008338036799272095,40,neutral,0.975
1,27,0.004864003509283066,0.018322787207213507,40,neutral,0.925
2,0,-0.02579787417004506,0.0399929007094402,40,neutral,0.575
2,1,-0.0033926025032997133,0.01993325551017365,40,neutral,0.9
2,2,-0.0025626271963119507,0.01651863652019626,40,neutral,0.925
2,3,-0.009655931840340297,0.03786966020188827,40,neutral,0.7
2,4,0.00727789855783894,0.04160679522115411,40,neutral,0.65
2,5,-0.004059997200965881,0.02998809621122237,40,neutral,0.8
2,6,-0.016444405416647594,0.03920509393135878,40,neutral,0.675
2,7,-0.0010945069293181102,0.025279488771801025,40,neutral,0.825
2,8,-0.006358264635006587,0.03797997495456473,40,neutral,0.675
2,9,-0.015003094630581993,0.03949740388585433,40,neutral,0.65
2,10,-0.0072786083817482,0.02520053896374936,40,neutral,0.85
2,11,0.00727614089846611,0.03144948360274446,40,neutral,0.825
2,12,-0.007233844697475433,0.027787767521960126,40,neutral,0.8
2,13,-0.003965060909589131,0.024766133585057967,40,neutral,0.85
2,14,0.0013033643364906311,0.014398448534036445,40,neutral,0.925
2,15,7.578730583190918e-05,0.01358102546416854,40,neutral,0.95
2,16,-0.00024274835983912162,0.010347320768498633,40,neutral,0.975
2,17,-0.01591752953827381,0.0279681825053048,40,neutral,0.65
2,18,0.0,0.0,40,neutral,1.0
2,19,-0.004403008023897806,0.021680174966039,40,neutral,0.825
2,20,0.0,0.0,40,neutral,1.0
2,21,0.0,0.0,40,neutral,1.0
2,22,-0.02244973063468933,0.0320053633519906,40,neutral,0.65
2,23,0.0,0.0,40,neutral,1.0
2,24,0.0067037813365459446,0.024277586736432814,40,neutral,0.85
2,25,-0.007790703326463699,0.02745841458789853,40,neutral,0.825
2,26,-0.02247722157248945,0.04490820400638321,40,neutral,0.475
2,27,0.010570308566093445,0.036760190717434145,40,neutral,0.725
3,0,0.00790356347958247,0.023528879227477685,40,neutral,0.875
3,1,-0.0029430513580640154,0.035613083560362364,40,neutral,0.675
3,2,0.001806851973136266,0.013358931498189217,40,neutral,0.975
3,3,0.015768175712890097,0.026221636656167478,40,neutral,0.775
3,4,-0.002422288805246353,0.022395018257833837,40,neutral,0.9
3,5,0.0023935971160729723,0.019086328431117634,40,neutral,0.9
3,6,-0.004046551883220673,0.0217233813818525,40,neutral,0.875
3,7,-0.0029587596654891968,0.013090830206163438,40,neutral,0.95
3,8,0.00573718734494519,0.04446169253484585,40,neutral,0.725
3,9,0.001845702901482582,0.02685504079639816,40,neutral,0.775
3,10,0.02170809283852577,0.03644477584812522,40,neutral,0.7
3,11,-0.0047340044627587,0.03244651207206907,40,neutral,0.775
3,12,-0.009660662710666656,0.022623493035232773,40,neutral,0.85
3,13,9.375090400377921e-05,0.030880534572314607,40,neutral,0.75
3,14,0.006910447776317596,0.019967755629756504,40,neutral,0.875
3,15,-0.0022203250726064044,0.037233659425132765,40,neutral,0.775
3,16,0.0,0.0,40,neutral,1.0
3,17,-0.002849565943082174,0.0242426257947327,40,neutral,0.85
3,18,0.003735807041327159,0.01901650697490698,40,neutral,0.875
3,19,0.0098175048828125,0.024027655125705843,40,neutral,0.85
3,20,0.0002126621703306835,0.01965630846067506,40,neutral,0.9
3,21,-0.000898946076631546,0.012612460157129529,40,neutral,0.95
3,22,-0.005372251570224762,0.015967496141584575,40,neutral,0.9
3,23,0.001657484471797943,0.015408623980593856,40,neutral,0.925
3,24,0.003012087196111679,0.01910534422402896,40,neutral,0.9
3,25,0.0012782330562671025,0.016426663506674696,40,neutral,0.925
3,26,0.002794766426086426,0.018020774216112537,40,neutral,0.9
3,27,0.006319551169872284,0.026503950459726505,40,neutral,0.8
4,0,0.0,0.0,40,neutral,1.0
4,1,-0.0005579382181167602,0.020289340488471447,40,neutral,0.925
4,2,-0.00643407329916954,0.025403739456020185,40,neutral,0.85
4,3,-0.006287361681461334,0.017334816235311336,40,neutral,0.9
4,4,-0.005857227742671967,0.01787516256478281,40,neutral,0.9
4,5,-0.0017821431159973145,0.011271262725882344,40,neutral,0.975
4,6,-0.0017494864761829377,0.011064724000800007,40,neutral,0.975
4,7,-0.04094577474479293,0.0434338908227567,40,bridge,0.5
4,8,0.0,0.0,40,neutral,1.0
4,9,0.0,0.0,40,neutral,1.0
4,10,0.0,0.0,40,neutral,1.0
4,11,-0.013992641866207123,0.029132650254291594,40,neutral,0.8
4,12,0.0,0.0,40,neutral,1.0
4,13,-0.0014195472002029419,0.008978004797512667,40,neutral,0.975
4,14,0.0008638441562652588,0.016697321627801586,40,neutral,0.925
4,15,-0.0007336077094078064,0.01978555288116031,40,neutral,0.925
4,16,-0.002877943217754364,0.02430184909157907,40,neutral,0.875
4,17,0.0,0.0,40,neutral,1.0
4,18,-0.008078655600547791,0.024869324945958303,40,neutral,0.825
4,19,0.0008040281633536018,0.033432758569666175,40,neutral,0.725
4,20,-0.007266059517860413,0.032218294705390706,40,neutral,0.7
4,21,-0.014885603884855905,0.026434860222083675,40,neutral,0.75
4,22,0.010536540548006693,0.04518990053875561,40,neutral,0.725
4,23,-0.01860233470797539,0.032546577872148326,40,neutral,0.725
4,24,-0.013494640092055005,0.034944516363781486,40,neutral,0.725
4,25,0.0006135843694210052,0.030574791053916334,40,neutral,0.875
4,26,-0.005929579834143321,0.025851803068008727,40,neutral,0.8
4,27,-0.010807278752326965,0.035981678621967994,40,neutral,0.7
5,0,-0.02550420906572115,0.040367891714430316,40,neutral,0.575
5,1,-0.02151131719350815,0.040608031433760475,40,neutral,0.6
5,2,-0.021107128262519835,0.0341202683866874,40,neutral,0.7
5,3,-0.019049578905105592,0.032773365654854655,40,neutral,0.725
5,4,-0.017742476115624108,0.03193168889730968,40,neutral,0.75
5,5,-0.010348328948020935,0.022899234326250364,40,neutral,0.825
5,6,-0.007549125452836354,0.020343229346931613,40,neutral,0.875
5,7,-0.0018229022622108459,0.011529046200919518,40,neutral,0.975
5,8,-0.001584429293870926,0.010020810720248777,40,neutral,0.975
5,9,0.0,0.0,40,neutral,1.0
5,10,-0.0030944615602493284,0.013770709312774217,40,neutral,0.95
5,11,-0.0028424471616744994,0.012536484089685484,40,neutral,0.95
5,12,0.0,0.0,40,neutral,1.0
5,13,0.0,0.0,40,neutral,1.0
5,14,-0.00782661885023117,0.02133535240536504,40,neutral,0.875
5,15,-0.03777299652496974,0.03983134911226151,40,bridge,0.5
5,16,-0.004925164580345154,0.023009275568478725,40,neutral,0.875
5,17,-0.008770571152369181,0.024394940219089487,40,neutral,0.875
5,18,-0.02377835272086991,0.043449135982157785,40,neutral,0.55
5,19,-0.0273741073658069,0.041414495790242103,40,neutral,0.525
5,20,-0.012256133432189623,0.025135957402831376,40,neutral,0.8
5,21,-0.004946510493755341,0.022429010447696095,40,neutral,0.95
5,22,-0.02715458199381828,0.03242068864837926,40,neutral,0.575
5,23,-0.03077433941264947,0.03387925401519212,40,neutral,0.525
5,24,-0.021510648230711617,0.03960914387616102,40,neutral,0.6
5,25,-0.040601886725769594,0.048000323968145436,40,bridge,0.5
5,26,-0.02903671378890673,0.036314065350002964,40,neutral,0.525
5,27,-0.013715790212154388,0.02640545984894194,40,neutral,0.775
6,0,-0.012279418110847474,0.03286761359944976,40,neutral,0.775
6,1,-0.0019438423216342926,0.020013308043648387,40,neutral,0.925
6,2,-0.0072754018008708956,0.03161018688834751,40,neutral,0.775
6,3,-0.03672865795592467,0.03617815005620186,40,bridge,0.525
6,4,-0.009126558154821395,0.025497100212865734,40,neutral,0.875
6,5,-0.012151873856782913,0.02711191820569685,40,neutral,0.825
6,6,0.012836076815923057,0.04122494163026933,40,neutral,0.775
6,7,-0.00779103934764862,0.02104359474328623,40,neutral,0.875
6,8,-0.0030525729060173036,0.013564911542098202,40,neutral,0.95
6,9,0.0008070349693298339,0.01663414451552075,40,neutral,0.95
6,10,-0.0026057884097099304,0.011504102505068699,40,neutral,0.95
6,11,-0.0054312005639076235,0.019438261058605955,40,neutral,0.925
6,12,-0.0013763010501861572,0.00870449212933993,40,neutral,0.975
6,13,-0.0016709521412849426,0.010568029255191782,40,neutral,0.975
6,14,0.0,0.0,40,neutral,1.0
6,15,-0.005901537090539932,0.02143566951583983,40,neutral,0.85
6,16,0.01916688506801923,0.04157507330379338,40,neutral,0.625
6,17,0.0032520192932514918,0.01700908824906733,40,neutral,0.9
6,18,0.0,0.0,40,neutral,1.0
6,19,0.0103424072265625,0.022937524279366853,40,neutral,0.825
6,20,-0.023369868844747545,0.029122580018226533,40,neutral,0.6
6,21,0.0034383811056613923,0.0226572962101605,40,neutral,0.9
6,22,0.008202964812517166,0.044005442299138685,40,neutral,0.65
6,23,-0.0012831494212150573,0.008115349498732723,40,neutral,0.975
6,24,-0.027762296696503957,0.03307983735085933,40,neutral,0.575
6,25,-0.011266110092401504,0.03125672414249022,40,neutral,0.8
6,26,-0.009456077466408412,0.023184145335562335,40,neutral,0.85
6,27,-0.012637729197740555,0.029482613613535293,40,neutral,0.825
7,0,-0.00945357084274292,0.029170523256416468,40,neutral,0.75
7,1,-0.008679743359486262,0.021006427506699156,40,neutral,0.85
7,2,0.0,0.0,40,neutral,1.0
7,3,-0.005418530106544495,0.016810018905526792,40,neutral,0.9
7,4,-0.0105100117623806,0.03010609707086463,40,neutral,0.8
7,5,-0.0027462899684906005,0.03092851046977245,40,neutral,0.775
7,6,-0.0014488149327891208,0.0313399481360733,40,neutral,0.725
7,7,0.001593017578125,0.010075127799120447,40,neutral,0.975
7,8,-0.01073112040758133,0.035988936470637924,40,neutral,0.75
7,9,-0.007780525088310242,0.021007511627178736,40,neutral,0.875
7,10,-0.017000129719575246,0.028376443192769277,40,neutral,0.725
7,11,-0.011864323914051057,0.02419971191135757,40,neutral,0.8
7,12,-0.011687231063842774,0.026018018728320064,40,neutral,0.825
7,13,-0.01208897555867831,0.02552296390956577,40,neutral,0.8
7,14,0.0,0.0,40,neutral,1.0
7,15,0.0,0.0,40,neutral,1.0
7,16,-1.8377602100372314e-05,0.015089880413255543,40,neutral,0.95
7,17,0.0,0.0,40,neutral,1.0
7,18,0.006784750521183014,0.031875139709863096,40,neutral,0.85
7,19,-0.0012725755572319032,0.008048474511021548,40,neutral,0.975
7,20,0.0,0.0,40,neutral,1.0
7,21,-0.001312745362520218,0.016282497206595043,40,neutral,0.925
7,22,-0.0013157635927200317,0.008321619630642884,40,neutral,0.975
7,23,5.970001220703125e-05,0.000377576029828149,40,neutral,1.0
7,24,0.0,0.0,40,neutral,1.0
7,25,0.0,0.0,40,neutral,1.0
7,26,-0.003120703250169754,0.013834167243838935,40,neutral,0.95
7,27,0.0,0.0,40,neutral,1.0
8,0,-0.003021158277988434,0.01758145111369229,40,neutral,0.9
8,1,-0.0034835785627365112,0.015538279083695563,40,neutral,0.95
8,2,-0.0027158036828041077,0.01872487569205628,40,neutral,0.9
8,3,-0.0029191285371780395,0.012907541554666741,40,neutral,0.95
8,4,-0.0018087811768054962,0.011439736615090183,40,neutral,0.975
8,5,-0.007419867068529129,0.019936584415189335,40,neutral,0.875
8,6,0.0,0.0,40,neutral,1.0
8,7,-0.012810686801870664,0.029311927710531316,40,neutral,0.75
8,8,-0.007540031522512436,0.02825990548586002,40,neutral,0.775
8,9,-0.010703641921281815,0.023746796788040647,40,neutral,0.825
8,10,-0.007486306875944137,0.03262901856693106,40,neutral,0.725
8,11,-0.0019078709185123444,0.023498025715048408,40,neutral,0.85
8,12,0.009720335404078167,0.03516412508855729,40,neutral,0.725
8,13,-0.02119482598666634,0.033947729331168484,40,neutral,0.7
8,14,-0.019456377252936363,0.040645356779691985,40,neutral,0.675
8,15,-0.016899731755256654,0.03186288408928245,40,neutral,0.7
8,16,-0.0127078615128994,0.030737038095648494,40,neutral,0.75
8,17,-0.0197834017376105,0.03262063568404836,40,neutral,0.725
8,18,-0.02253955267369747,0.03177503646902969,40,neutral,0.65
8,19,-0.009484895318746567,0.031436376578578513,40,neutral,0.725
8,20,-0.025295481334129972,0.037259150750346255,40,neutral,0.6
8,21,-0.02679414041340351,0.040447331081755945,40,neutral,0.55
8,22,0.004862306515375774,0.03696038322442557,40,neutral,0.825
8,23,-0.001427866518497467,0.00903062078629388,40,neutral,0.975
8,24,-0.025196348251331418,0.033590869181146635,40,neutral,0.625
8,25,-0.024757744097520434,0.03986118105746675,40,neutral,0.6
8,26,-0.02443163258334001,0.03563440761222178,40,neutral,0.65
8,27,-0.0026675134897232054,0.011776982272618738,40,neutral,0.95
9,0,0.0051841259002685545,0.025413450526478826,40,neutral,0.875
9,1,-0.007676225652297338,0.026345368058785432,40,neutral,0.825
9,2,-0.0200589503099521,0.031273457443678494,40,neutral,0.675
9,3,0.00478515625,0.017133171853764395,40,neutral,0.925
9,4,-0.008249704539775849,0.021707967878319943,40,neutral,0.85
9,5,0.0,0.0,40,neutral,1.0
9,6,0.006195121506849925,0.03248649775972913,40,neutral,0.725
9,7,-0.00671085533996423,0.02050183955035131,40,neutral,0.9
9,8,-0.009806347886721294,0.03125886885422736,40,neutral,0.725
9,9,-0.0010908938944339751,0.016714999417412293,40,neutral,0.925
9,10,-0.001379789412021637,0.00872655446674577,40,neutral,0.975
9,11,-0.0022617614221951314,0.03483915694627358,40,neutral,0.75
9,12,-0.00804840326309204,0.02159480395042999,40,neutral,0.875
9,13,0.0,0.0,40,neutral,1.0
9,14,-0.005837019383907318,0.02561992034901457,40,neutral,0.8
9,15,0.0,0.0,40,neutral,1.0
9,16,0.0,0.0,40,neutral,1.0
9,17,-0.0028593219816684724,0.012622273567827759,40,neutral,0.95
9,18,-0.0026798561215400697,0.011834583044290222,40,neutral,0.95
9,19,-0.004337795078754425,0.01552055445515858,40,neutral,0.925
9,20,-0.0013864025473594665,0.01490264625509906,40,neutral,0.925
9,21,-0.008780387789011001,0.031762547791619127,40,neutral,0.75
9,22,0.0032474053757531305,0.02023193930506976,40,neutral,0.9
9,23,0.001977292199929555,0.03799547796328604,40,neutral,0.775
9,24,-0.007233384996652603,0.036926929140847005,40,neutral,0.725
9,25,0.017840333034594855,0.03478488718697252,40,neutral,0.775
9,26,-6.387680768966675e-05,0.0195674302031614,40,neutral,0.9
9,27,-0.0012938767671585084,0.00818319519159247,40,neutral,0.975
10,0,-0.00129069983959198,0.008163102537449257,40,neutral,0.975
10,1,0.0,0.0,40,neutral,1.0
10,2,-0.004322152783473332,0.02182708361468548,40,neutral,0.875
10,3,-0.0013752132654190063,0.008697612374403462,40,neutral,0.975
10,4,0.0025108516216278075,0.020215172631409293,40,neutral,0.925
10,5,-0.007609620690345764,0.02056572747375808,40,neutral,0.875
10,6,-0.00022055928905804942,0.01322091440898062,40,neutral,0.95
10,7,-0.011965067833662033,0.03466224354096162,40,neutral,0.75
10,8,-0.013281469543774923,0.03134482344729256,40,neutral,0.725
10,9,-0.010893453657627106,0.025904828053999754,40,neutral,0.85
10,10,0.006487841407457988,0.02662048398370431,40,neutral,0.775
10,11,-4.005730152130127e-05,0.01172075926989656,40,neutral,0.95
10,12,-0.021032905826965966,0.030813171903946904,40,neutral,0.65
10,13,-0.021726481740673383,0.03247401083451514,40,neutral,0.675
10,14,0.00039594769477844236,0.013743374203721292,40,neutral,0.95
10,15,-0.007161226123571396,0.01931705694624798,40,neutral,0.875
10,16,-0.01614922806620598,0.026806498537428634,40,neutral,0.725
10,17,-0.006426846235990524,0.0283431367713685,40,neutral,0.85
10,18,-0.012841954827308655,0.029060697688330403,40,neutral,0.825
10,19,-0.0046372652053833004,0.01667908600217994,40,neutral,0.925
10,20,-0.0027679577469825745,0.012220533713062235,40,neutral,0.95
10,21,-0.006848879158496857,0.021587437074627278,40,neutral,0.85
10,22,-0.011221583932638168,0.028421868049126525,40,neutral,0.8
10,23,0.005058006495237351,0.03693296170615281,40,neutral,0.775
10,24,0.001458740234375,0.009225883310305695,40,neutral,0.975
10,25,-0.022124742344021796,0.03406201912104324,40,neutral,0.65
10,26,-0.011794776966174442,0.027822622279607082,40,neutral,0.775
10,27,-0.015473642945289611,0.027761461161073222,40,neutral,0.75
11,0,-0.019237043245723753,0.034191333523547675,40,neutral,0.65
11,1,0.009486098190148671,0.056553345160120484,40,neutral,0.625
11,2,-0.010294971863428752,0.024932208219310643,40,neutral,0.85
11,3,-0.028833309933543206,0.036448299771245675,40,neutral,0.6
11,4,-0.021243763094147047,0.04126409019066525,40,neutral,0.575
11,5,-0.0202283771052247,0.030714423090165234,40,neutral,0.7
11,6,0.0014434814453125,0.009129378254758565,40,neutral,0.975
11,7,-0.004272069036960602,0.035612421366716274,40,neutral,0.725
11,8,-0.020926243315140404,0.03083110617235558,40,neutral,0.675
11,9,-0.024867880592743554,0.03355663338865112,40,neutral,0.625
11,10,-0.029253108774622283,0.03715087416918058,40,neutral,0.575
11,11,-0.0225503582517048,0.039179312650607895,40,neutral,0.625
11,12,-0.00971035212278366,0.02378887287262394,40,neutral,0.85
11,13,-0.017672693729400633,0.036000741428883695,40,neutral,0.625
11,14,-0.013358553498983383,0.028892329701363705,40,neutral,0.775
11,15,-0.01418048838774363,0.027412910028485928,40,neutral,0.775
11,16,-0.013985727727413178,0.02704958536538466,40,neutral,0.775
11,17,-0.005780751506487529,0.030006331618010418,40,neutral,0.775
11,18,-0.016452787816524504,0.035453480684399526,40,neutral,0.725
11,19,0.001845531165599823,0.03813115333254768,40,neutral,0.7
11,20,-0.0005781096716721854,0.03532954980420094,40,neutral,0.775
11,21,-0.01235349416732788,0.028282185768633106,40,neutral,0.775
11,22,-0.0014131113886833191,0.014868643981254539,40,neutral,0.925
11,23,-0.005891145020723343,0.018084996985992495,40,neutral,0.9
11,24,-0.01992609053850174,0.03168916419033699,40,neutral,0.7
11,25,0.005857140570878982,0.03613521134849362,40,neutral,0.75
11,26,-0.008907718832294145,0.03255112496664361,40,neutral,0.75
11,27,-0.007214075376590093,0.02046371564740996,40,neutral,0.9
12,0,0.0,0.0,40,neutral,1.0
12,1,0.0048296615481376644,0.03364917366373181,40,neutral,0.75
12,2,0.001405335466066996,0.010196372943596004,40,neutral,0.975
12,3,-0.007814651727676392,0.021340617519607627,40,neutral,0.875
12,4,-0.008169496431946754,0.025053773627399474,40,neutral,0.825
12,5,-0.0013787508010864257,0.022642047572232746,40,neutral,0.875
12,6,-0.010733489195505777,0.027704593988703948,40,neutral,0.85
12,7,-0.009549875557422639,0.02321814864008017,40,neutral,0.85
12,8,-0.009535652101039887,0.028765239980248963,40,neutral,0.825
12,9,-0.003856958945592245,0.032859518679162994,40,neutral,0.725
12,10,-0.013630342731873194,0.03164086165373764,40,neutral,0.725
12,11,-0.0030061413844426474,0.02330859407925544,40,neutral,0.85
12,12,-0.005993906905253728,0.018241269071581887,40,neutral,0.9
12,13,-0.006800067921479543,0.02180045369717967,40,neutral,0.9
12,14,-0.005001091212034225,0.03163506383362179,40,neutral,0.8
12,15,-0.004068201035261154,0.014480192907570858,40,neutral,0.925
12,16,-0.014707094430923462,0.02914435124316021,40,neutral,0.775
12,17,-0.0055962540209293365,0.017034043526408926,40,neutral,0.9
12,18,-0.013913167268037796,0.03125523523177908,40,neutral,0.75
12,19,-0.015959478666385016,0.028524856069650804,40,neutral,0.75
12,20,-0.006004164889454842,0.029297768620615172,40,neutral,0.8
12,21,-0.008354322860638301,0.035170650446806395,40,neutral,0.725
12,22,-0.021205216646194458,0.03494930024405381,40,neutral,0.625
12,23,-0.027736730699737866,0.03622458284374125,40,neutral,0.6
12,24,-0.014300240452090898,0.029390560360127264,40,neutral,0.725
12,25,-0.006053010125954946,0.03358293069029525,40,neutral,0.775
12,26,0.00128326416015625,0.008116075171513693,40,neutral,0.975
12,27,-0.01332244642315403,0.03836185410112858,40,neutral,0.7
13,0,-0.0051014860471089675,0.02754350169672937,40,neutral,0.8
13,1,-0.010224661231040955,0.029041757130576717,40,neutral,0.8
13,2,0.0,0.0,40,neutral,1.0
13,3,-0.0101305291056633,0.03216546254426574,40,neutral,0.75
13,4,-0.0029108695685863494,0.030733735999176552,40,neutral,0.825
13,5,-0.007261699438095093,0.028059708435249762,40,neutral,0.8
13,6,0.0066250570118427275,0.02801357068137334,40,neutral,0.875
13,7,0.0,0.0,40,neutral,1.0
13,8,-0.010343468561768532,0.035420876150780836,40,neutral,0.7
13,9,-0.006257715572913487,0.028658071435914586,40,neutral,0.825
13,10,-0.011975280195474624,0.030384071444957583,40,neutral,0.85
13,11,-0.001702171564102173,0.01076547822186834,40,neutral,0.975
13,12,-0.011106652518113453,0.026714336353470803,40,neutral,0.75
13,13,0.053717556620637576,0.053773998937771274,40,cone,0.525
13,14,-0.01051358605424563,0.03143890885810687,40,neutral,0.775
13,15,-0.0046780392527580265,0.026641677778669045,40,neutral,0.85
13,16,0.0015359302361806233,0.032701328215336736,40,neutral,0.8
13,17,-0.002873315662145615,0.013008749879956002,40,neutral,0.95
13,18,0.0012526392936706543,0.007992659197268156,40,neutral,0.975
13,19,-0.009735536575317384,0.02805481321990382,40,neutral,0.775
13,20,0.0017009591062863666,0.028255965095227202,40,neutral,0.85
13,21,-0.002229967713356018,0.023444477753719405,40,neutral,0.9
13,22,-0.01204068586230278,0.026201760085204442,40,neutral,0.8
13,23,-0.0042324155569076535,0.025949970830844184,40,neutral,0.825
13,24,-0.001502213627099991,0.024089493554376663,40,neutral,0.85
13,25,-0.012053838620583218,0.02539383334619541,40,neutral,0.8
13,26,-0.004470456888278325,0.02792075416558543,40,neutral,0.85
13,27,-0.007275205850601196,0.019526476452767588,40,neutral,0.875
14,0,-0.022604404010233427,0.03936032975443133,40,neutral,0.65
14,1,-0.03115778451519353,0.04110414958310323,40,neutral,0.5
14,2,-0.010423856725295385,0.031156341436435777,40,neutral,0.775
14,3,-0.02618253938853741,0.03296253234839229,40,neutral,0.6
14,4,-0.04078928362239491,0.045801989074042135,40,bridge,0.5
14,5,-0.03836009930819273,0.03805015195065139,40,bridge,0.525
14,6,-0.023490524378915627,0.039102426204997806,40,neutral,0.625
14,7,-0.020221919069687525,0.031927150464170176,40,neutral,0.7
14,8,-0.0181525153418382,0.028292541082673733,40,neutral,0.7
14,9,-0.0013807475566864013,0.008732614305682961,40,neutral,0.975
14,10,-0.009549617767333984,0.025761211321630447,40,neutral,0.875
14,11,-0.01395347418884436,0.040357065658793,40,neutral,0.675
14,12,-0.011305955797433853,0.02546136494502125,40,neutral,0.825
14,13,-0.019100411385297774,0.04139889593866026,40,neutral,0.625
14,14,-0.013742484861896151,0.026085819418936677,40,neutral,0.775
14,15,-0.006452370807528496,0.030388701994292455,40,neutral,0.825
14,16,-0.008166658133268357,0.028895760112860117,40,neutral,0.825
14,17,-0.012078294157981872,0.030870457425620636,40,neutral,0.775
14,18,-0.011192450083114884,0.02526614930135924,40,neutral,0.85
14,19,-0.008126910775899887,0.0214094186244075,40,neutral,0.875
14,20,-0.003738360106945038,0.02094204499332227,40,neutral,0.875
14,21,-0.0019127445419629414,0.05073300179661444,40,neutral,0.525
14,22,-0.004217730462551117,0.015193032398779227,40,neutral,0.925
14,23,-0.005869282533725102,0.03981720548495098,40,neutral,0.75
14,24,-0.003209054470062256,0.01862542600156758,40,neutral,0.9
14,25,0.0,0.0,40,neutral,1.0
14,26,0.0016345113515853881,0.02765241592693843,40,neutral,0.775
14,27,0.0014881326754887898,0.030618906997377734,40,neutral,0.8
15,0,-0.026588037647306918,0.03191895650653734,40,neutral,0.6
15,1,-0.023668779991567135,0.03329883002012667,40,neutral,0.65
15,2,-0.01817728869616985,0.04187002693785661,40,neutral,0.675
15,3,-0.02979766855992022,0.0331926257082072,40,neutral,0.55
15,4,-0.017580171674489976,0.029618860762573623,40,neutral,0.725
15,5,-0.00656626969575882,0.02686055877319942,40,neutral,0.825
15,6,-0.01509920358657837,0.034793246492195375,40,neutral,0.675
15,7,-0.03384605591495832,0.04081106062499818,40,neutral,0.55
15,8,0.009223415950934092,0.0345849483281969,40,neutral,0.8
15,9,0.008761852979660034,0.04640513830498832,40,neutral,0.575
15,10,-0.029951663368514608,0.03865620520292098,40,neutral,0.6
15,11,0.045117243329683934,0.04650795392117395,40,cone,0.5
15,12,-0.015087276697158813,0.030571924212897724,40,neutral,0.725
15,13,-0.006714220965902009,0.032877597550304054,40,neutral,0.775
15,14,-0.021564153581857683,0.03224590202764987,40,neutral,0.675
15,15,-0.02452670087416967,0.03967943553346375,40,neutral,0.625
15,16,-0.002531261742115021,0.011179063165031243,40,neutral,0.95
15,17,-0.0031765908002853393,0.01418032632157301,40,neutral,0.95
15,18,-0.003732350468635559,0.01649107932192332,40,neutral,0.95
15,19,-0.021141693368554114,0.03892928079379127,40,neutral,0.55
15,20,-0.003063777585824331,0.03002074934081672,40,neutral,0.775
15,21,-0.004721790552139282,0.016964221752308214,40,neutral,0.925
15,22,-0.009222289671500523,0.02245982086084503,40,neutral,0.85
15,23,0.004617170244455337,0.029837433802706988,40,neutral,0.725
15,24,-0.0030325837433338165,0.013510933570358286,40,neutral,0.95
15,25,-0.009881626069545745,0.024009609598747986,40,neutral,0.85
15,26,0.0016702085733413697,0.01617053031710324,40,neutral,0.925
15,27,-0.002596835047006607,0.045631449461907087,40,neutral,0.625
16,0,-0.022388497740030287,0.03475470224973693,40,neutral,0.675
16,1,-0.01166828068594138,0.03276474742906806,40,neutral,0.675
16,2,-0.014504259824752808,0.025735758364844475,40,neutral,0.75
16,3,-0.025830609823266664,0.0347166969822505,40,neutral,0.625
16,4,-0.018324932580192885,0.03106442796058828,40,neutral,0.725
16,5,-0.011908254027366639,0.026719794255040234,40,neutral,0.825
16,6,-0.01357400193810463,0.03128269401302135,40,neutral,0.725
16,7,-0.007784652853241333,0.03007554116253441,40,neutral,0.75
16,8,-0.020631507403320738,0.032759224840966876,40,neutral,0.65
16,9,-0.020407045880953472,0.03256185851051734,40,neutral,0.625
16,10,-0.007395444810390473,0.019953089550795815,40,neutral,0.875
16,11,-0.001935894787311554,0.012243673676703487,40,neutral,0.975
16,12,-0.03111900563041369,0.03764300748894329,40,neutral,0.575
16,13,-0.021472590338616142,0.03342153625702819,40,neutral,0.675
16,14,-0.012236902490258217,0.02709351734856299,40,neutral,0.8
16,15,-0.007488294194142023,0.029693056220721853,40,neutral,0.8
16,16,-0.004713367422421773,0.03571858844757793,40,neutral,0.8
16,17,-0.010406416406234105,0.023687280720288677,40,neutral,0.85
16,18,-0.011493761092424393,0.025030340244088196,40,neutral,0.8
16,19,-0.0017228111624717712,0.01990925862105571,40,neutral,0.875
16,20,-0.0020874475439389547,0.0408589841702633,40,neutral,0.65
16,21,-0.004985007643699646,0.029484826433012205,40,neutral,0.875
16,22,-0.0008293963968753814,0.03260930734862669,40,neutral,0.8
16,23,-0.0008125051856040955,0.029920223277250916,40,neutral,0.75
16,24,-0.007334468513727188,0.024132661199512732,40,neutral,0.825
16,25,0.0005152199665705364,0.03668002792915388,40,neutral,0.725
16,26,0.0,0.0,40,neutral,1.0
16,27,-0.0036544091999530792,0.024709174170184915,40,neutral,0.85
17,0,-0.02341789143780867,0.03306478922470665,40,neutral,0.65
17,1,-0.017492445384462672,0.03234339720905935,40,neutral,0.675
17,2,-0.011017469813426335,0.03429318197450975,40,neutral,0.75
17,3,-0.008871979266405105,0.03198067152055581,40,neutral,0.7
17,4,0.0,0.0,40,neutral,1.0
17,5,-0.010739675909280776,0.03708233309837534,40,neutral,0.675
17,6,-0.011559476827581723,0.03300208015858998,40,neutral,0.7
17,7,-0.024945326026416186,0.03973059359274015,40,neutral,0.575
17,8,-0.028010257639227404,0.04003600770743262,40,neutral,0.6
17,9,0.0005042716860771179,0.033828708791778676,40,neutral,0.775
17,10,-0.036454223203990194,0.03616357537448538,40,bridge,0.525
17,11,-0.008020663261413574,0.02771876457816747,40,neutral,0.775
17,12,-0.0012993663549423218,0.008217914393217044,40,neutral,0.975
17,13,-0.02807475713359845,0.034748019468108626,40,neutral,0.575
17,14,-0.01929416966934999,0.03022478833710322,40,neutral,0.7
17,15,-0.018569263567527135,0.028981863394189115,40,neutral,0.7
17,16,-0.017952661464611688,0.03153859790317672,40,neutral,0.725
17,17,-0.003738648444414139,0.020264085148605407,40,neutral,0.875
17,18,-0.024864829331636428,0.034784376591639854,40,neutral,0.65
17,19,-0.015626265108585356,0.02819779003856769,40,neutral,0.75
17,20,-0.006611877307295799,0.030559554441863285,40,neutral,0.775
17,21,-0.008735400438308717,0.03251500873806679,40,neutral,0.75
17,22,-0.017098002880811692,0.028365293192859756,40,neutral,0.725
17,23,-0.010629945993423462,0.024466985188168845,40,neutral,0.825
17,24,-0.018467129766941072,0.0326298635716501,40,neutral,0.725
17,25,-0.011795956641435623,0.029366447780555242,40,neutral,0.75
17,26,-0.019937134577662913,0.03626171189633297,40,neutral,0.55
17,27,-0.0014834403991699219,0.009382100868972613,40,neutral,0.975
18,0,0.0,0.0,40,neutral,1.0
18,1,-0.0009814970195293426,0.03210376312418925,40,neutral,0.775
18,2,-0.0011886976659297942,0.03584161894197581,40,neutral,0.675
18,3,0.005223758518695831,0.028649011839177056,40,neutral,0.8
18,4,-0.0003668134411176048,0.030575934375362775,40,neutral,0.775
18,5,-0.0010390594601631165,0.032420892084558034,40,neutral,0.775
18,6,-0.0011590853333473205,0.027347956774422016,40,neutral,0.825
18,7,0.0,0.0,40,neutral,1.0
18,8,0.006553466618061066,0.026069696535995078,40,neutral,0.875
18,9,0.0013545885682106017,0.024959610294215475,40,neutral,0.85
18,10,-0.010136601328849793,0.022534349086223957,40,neutral,0.825
18,11,-0.004423052072525024,0.01573992374242822,40,neutral,0.925
18,12,0.0,0.0,40,neutral,1.0
18,13,-0.0010646402835845948,0.02478265461502721,40,neutral,0.825
18,14,-0.008050645639499029,0.03804999951784272,40,neutral,0.7
18,15,-0.011110531662901242,0.04036712438860652,40,neutral,0.65
18,16,-0.004398026466369629,0.032231604838683314,40,neutral,0.85
18,17,0.0,0.0,40,neutral,1.0
18,18,-0.0033745904763539626,0.025221052733892746,40,neutral,0.875
18,19,0.0,0.0,40,neutral,1.0
18,20,0.009459385871887207,0.02925539848078793,40,neutral,0.8
18,21,0.0030322551727294924,0.01773206882004937,40,neutral,0.9
18,22,-0.0013654232025146484,0.008635694579975275,40,neutral,0.975
18,23,0.0,0.0,40,neutral,1.0
18,24,-0.006597688794136048,0.020371509444281864,40,neutral,0.9
18,25,0.0,0.0,40,neutral,1.0
18,26,-0.010707946866750718,0.028902338295694052,40,neutral,0.8
18,27,-0.0033282652497291566,0.014840445511300907,40,neutral,0.95
19,0,0.0,0.0,40,neutral,1.0
19,1,-0.0013638883829116821,0.008625987528489578,40,neutral,0.975
19,2,0.0020604044198989867,0.02837335620808156,40,neutral,0.8
19,3,-0.0013326644897460938,0.00842851028884753,40,neutral,0.975
19,4,0.00873173326253891,0.02653230846307005,40,neutral,0.825
19,5,-0.0027427134414513906,0.02810988603996715,40,neutral,0.825
19,6,0.005812187244494756,0.029460040237728753,40,neutral,0.775
19,7,0.0012656673789024353,0.014559320633206752,40,neutral,0.925
19,8,0.008648442228635153,0.03782169746078825,40,neutral,0.725
19,9,0.009380420049031576,0.04001222988272881,40,neutral,0.7
19,10,-0.005713738997777303,0.03935994285783945,40,neutral,0.7
19,11,-0.002681271731853485,0.011844360727896228,40,neutral,0.95
19,12,0.0032218299806118012,0.043450352791949136,40,neutral,0.675
19,13,0.012446299195289612,0.03772173468518046,40,neutral,0.75
19,14,-0.007607428332169851,0.031140118183396206,40,neutral,0.75
19,15,-0.02575300509730975,0.032557091929255315,40,neutral,0.6
19,16,-0.01339907261232535,0.026422810424971733,40,neutral,0.775
19,17,-0.02432454116642475,0.035979866685750254,40,neutral,0.65
19,18,-0.02314207802216212,0.0328574109416843,40,neutral,0.65
19,19,-0.012102527916431427,0.030590743666923,40,neutral,0.775
19,20,-0.00518304708103339,0.036363644379757754,40,neutral,0.7
19,21,-0.004232798640926679,0.029527390777709245,40,neutral,0.775
19,22,-0.009623169650634129,0.032231159967348336,40,neutral,0.7
19,23,-0.014998008062442145,0.03791009786093473,40,neutral,0.65
19,24,-0.004317100321253141,0.02902901173688283,40,neutral,0.825
19,25,-0.0029799878597259522,0.018041217335684433,40,neutral,0.9
19,26,-0.001039537787437439,0.015998732194453406,40,neutral,0.925
19,27,-0.011594145993391671,0.025898806738511134,40,neutral,0.825
20,0,-0.0016694560647010804,0.010558567236073688,40,neutral,0.975
20,1,0.01507406383752823,0.04163948107883377,40,neutral,0.7
20,2,0.0,0.0,40,neutral,1.0
20,3,-0.005811154022812843,0.034876344825195256,40,neutral,0.725
20,4,-0.0019599780440330505,0.025413279501919895,40,neutral,0.825
20,5,-0.008933361123005547,0.023077497501716795,40,neutral,0.875
20,6,-0.0008781850337982178,0.02884487967011221,40,neutral,0.8
20,7,-0.013376870999733606,0.02679453034240812,40,neutral,0.8
20,8,-0.03108107311030229,0.03635696859327382,40,neutral,0.55
20,9,-0.020487401634454727,0.034381628060451426,40,neutral,0.65
20,10,-0.002661140263080597,0.03580267200726106,40,neutral,0.75
20,11,-0.018108744670947394,0.028461973046984168,40,neutral,0.7
20,12,-0.014106988658507666,0.02487163602533754,40,neutral,0.75
20,13,-0.008839721605181695,0.02767506920895773,40,neutral,0.8
20,14,0.0015911072492599486,0.021955830415310615,40,neutral,0.875
20,15,-0.01212344919996602,0.026122615035374743,40,neutral,0.8
20,16,-0.0028432647387186686,0.035898903628848726,40,neutral,0.7
20,17,-0.014413282301809105,0.0343995583397921,40,neutral,0.65
20,18,-0.0043233732382456464,0.027522948652519807,40,neutral,0.825
20,19,-0.013799427201350531,0.028118692770402794,40,neutral,0.775
20,20,-0.00579187348484993,0.03328240746807847,40,neutral,0.8
20,21,-0.004043577611446381,0.01440325249961281,40,neutral,0.925
20,22,-0.017607094844182332,0.03212690197930268,40,neutral,0.725
20,23,-0.01206863448023796,0.024996970207638552,40,neutral,0.8
20,24,-0.008500058203935623,0.023014367788656762,40,neutral,0.875
20,25,-0.0012551367282867432,0.007938181672635995,40,neutral,0.975
20,26,-0.01736333578824997,0.030897107219008704,40,neutral,0.75
20,27,-0.017162615805864333,0.02765132042887985,40,neutral,0.725
21,0,-0.006438120206197102,0.039274846629787405,40,neutral,0.7
21,1,-0.008860930303732554,0.03496404982780284,40,neutral,0.775
21,2,-0.0029575874408086142,0.01908877053543131,40,neutral,0.9
21,3,-0.014685404052337009,0.03320525455469471,40,neutral,0.725
21,4,0.014893718188007674,0.03875503919344685,40,neutral,0.725
21,5,-0.009591426700353622,0.039399583001703736,40,neutral,0.7
21,6,0.0,0.0,40,neutral,1.0
21,7,-0.0003488749265670776,0.01369435150147486,40,neutral,0.95
21,8,0.005916144698858261,0.031867279961674266,40,neutral,0.8
21,9,0.007348472128311792,0.033249456720570544,40,neutral,0.75
21,10,-0.004007271180550258,0.04176443576766762,40,neutral,0.675
21,11,0.001184743940830231,0.04559573878622998,40,neutral,0.7
21,12,0.004575240363677343,0.02753451548982664,40,neutral,0.85
21,13,-0.023344112560153008,0.03344411788096376,40,neutral,0.65
21,14,-0.010382422804832458,0.022946104432365253,40,neutral,0.825
21,15,0.05262416035646485,0.049526563972873035,40,cone,0.55
21,16,-0.0010710832973321277,0.035933957790853,40,neutral,0.725
21,17,-0.004558488726615906,0.016306651494984066,40,neutral,0.925
21,18,-0.0048659369349479675,0.021350093895953822,40,neutral,0.875
21,19,-0.005336736390988032,0.023719723443829,40,neutral,0.85
21,20,0.0028414413332939147,0.027135490363391582,40,neutral,0.875
21,21,0.010963379715879757,0.03602135182704593,40,neutral,0.725
21,22,-0.008801638334989547,0.03497583582781932,40,neutral,0.75
21,23,0.0,0.0,40,neutral,1.0
21,24,-0.010663736114899316,0.02949002875782907,40,neutral,0.8
21,25,-0.016688463712732,0.03636350542450777,40,neutral,0.75
21,26,0.00159857173760732,0.03262760246811574,40,neutral,0.725
21,27,-0.0073584401891345075,0.029868449053860626,40,neutral,0.825
22,0,-0.012027428506149187,0.03428609955753882,40,neutral,0.7
22,1,-0.035681491154763434,0.035966312517946554,40,bridge,0.5
22,2,-0.0122364122331852,0.04155939060916694,40,neutral,0.6
22,3,-0.028826501303248937,0.04164647532963571,40,neutral,0.525
22,4,-0.03717859125917866,0.03953274163506079,40,bridge,0.5
22,5,-0.03251867253333331,0.03875197212423102,40,neutral,0.55
22,6,-0.03977826652841436,0.0393199089357314,40,bridge,0.525
22,7,-0.024179137150446575,0.03455513590980024,40,neutral,0.65
22,8,-0.012741052359342576,0.02522414203218035,40,neutral,0.775
22,9,-0.007844622433185577,0.021847713094335565,40,neutral,0.875
22,10,-0.011661298821369806,0.03163532906597426,40,neutral,0.7
22,11,-0.007739142576853435,0.022548932133447736,40,neutral,0.875
22,12,-0.023224123318990073,0.0372507295382023,40,neutral,0.625
22,13,-0.014799117296934127,0.032310558148067395,40,neutral,0.75
22,14,-0.011025022715330124,0.02448579174666836,40,neutral,0.825
22,15,0.005005701258778572,0.03443479899473879,40,neutral,0.775
22,16,-0.00971410758793354,0.025036799165629512,40,neutral,0.8
22,17,-0.005933409929275513,0.026607481706261045,40,neutral,0.8
22,18,0.0027321577072143555,0.03912651550029116,40,neutral,0.7
22,19,-0.0034448077281316117,0.02691966892770693,40,neutral,0.85
22,20,-0.012449172635873158,0.03168619866218968,40,neutral,0.775
22,21,-0.024637360125780106,0.033933934217183374,40,neutral,0.65
22,22,-0.03268955734868844,0.03389694026744999,40,bridge,0.5
22,23,-0.010422262549400329,0.023457697185077817,40,neutral,0.825
22,24,-0.013173513834675155,0.033903862962904575,40,neutral,0.7
22,25,-0.015475687757134437,0.02802990631264997,40,neutral,0.75
22,26,-0.022458390270670255,0.02999538171043837,40,neutral,0.625
22,27,-0.01665560394525528,0.03111286960550045,40,neutral,0.7
23,0,-0.012444534202416738,0.02793291092825937,40,neutral,0.75
23,1,-0.008398937806487084,0.031703210704782984,40,neutral,0.775
23,2,-0.01473914533853531,0.028496166162805897,40,neutral,0.775
23,3,-0.011116081103682517,0.024586574541339456,40,neutral,0.825
23,4,-0.005437768995761871,0.022357517214552668,40,neutral,0.85
23,5,-0.014620734751224518,0.028701699706890477,40,neutral,0.775
23,6,-0.001875529189904531,0.029669246529598712,40,neutral,0.775
23,7,-0.019404451052347817,0.031186472597575968,40,neutral,0.65
23,8,-0.03580113528917233,0.037213445665443566,40,bridge,0.525
23,9,-0.029752501969536143,0.04066885852497203,40,neutral,0.575
23,10,-0.003462257981300354,0.015495150464424193,40,neutral,0.95
23,11,-0.03157811274131139,0.04024660836258439,40,neutral,0.5
23,12,-0.023924622784058252,0.031738786381435256,40,neutral,0.625
23,13,-0.030165467684467633,0.03500331746953388,40,neutral,0.5
23,14,-0.010169260054826736,0.034433230109038246,40,neutral,0.775
23,15,-0.01946179444591204,0.03305987763410472,40,neutral,0.725
23,16,-0.005297087505459786,0.029135645967490843,40,neutral,0.8
23,17,-0.01927313059568405,0.04551457146007956,40,neutral,0.6
23,18,-0.019504461313287418,0.030339722251211544,40,neutral,0.7
23,19,-0.029748247712850572,0.03583567733434829,40,neutral,0.575
23,20,-0.014531113704045615,0.026859762948941303,40,neutral,0.75
23,21,-0.004646191000938415,0.021281503817574397,40,neutral,0.875
23,22,-0.002465021361907323,0.02148958023477533,40,neutral,0.9
23,23,-0.0048774259785811114,0.03458007491590862,40,neutral,0.775
23,24,-0.012523092329502106,0.03269867939830134,40,neutral,0.7
23,25,0.0,0.0,40,neutral,1.0
23,26,0.00035754020015398675,0.025417650549039654,40,neutral,0.8
23,27,-0.0055859861274560295,0.02708260180043601,40,neutral,0.8
24,0,-0.0033702030777931213,0.016403883332334106,40,neutral,0.9
24,1,-0.023300505181153616,0.040223382539069215,40,neutral,0.625
24,2,0.0,0.0,40,neutral,1.0
24,3,0.026486292978127796,0.05720970160996813,40,neutral,0.65
24,4,-0.009521733969449997,0.03190914060741328,40,neutral,0.8
24,5,-0.0003349587321281433,0.02013545556239517,40,neutral,0.9
24,6,0.005222445726394654,0.039741923103333715,40,neutral,0.725
24,7,-0.015813934803009033,0.03010920389289176,40,neutral,0.775
24,8,-0.006795652334888776,0.040721092959385426,40,neutral,0.65
24,9,-0.017828086763620375,0.029942221528588425,40,neutral,0.725
24,10,-0.02569872985283534,0.03449868995763012,40,neutral,0.625
24,11,-0.02863382038970788,0.03304825669174996,40,neutral,0.55
24,12,-0.006031738221645355,0.018492068903158333,40,neutral,0.9
24,13,-0.01833300883571307,0.030349671567525664,40,neutral,0.725
24,14,-0.010266351451476415,0.02787045231918702,40,neutral,0.8
24,15,-0.013997272526224454,0.029154336656717274,40,neutral,0.775
24,16,0.006991309051712355,0.029889274610256103,40,neutral,0.825
24,17,-0.012737205425898235,0.03735770109387747,40,neutral,0.65
24,18,0.0011832118034362793,0.023751460807739093,40,neutral,0.825
24,19,-0.014198523511489234,0.03899340648649197,40,neutral,0.7
24,20,-0.007222771644592285,0.0291316191638519,40,neutral,0.775
24,21,-0.021621952330072722,0.03252635844533039,40,neutral,0.675
24,22,-0.019794408107797305,0.03990970227169814,40,neutral,0.65
24,23,-0.02018524837990602,0.03271065181642138,40,neutral,0.625
24,24,-0.010236438363790512,0.024323654091604276,40,neutral,0.825
24,25,-0.014866763104995092,0.02615888901407094,40,neutral,0.75
24,26,-0.02729059581955274,0.03477461502606091,40,neutral,0.6
24,27,-0.018660420477390288,0.03720505799755609,40,neutral,0.65
25,0,-0.0018992923200130464,0.025717508853042054,40,neutral,0.8
25,1,-0.012770232558250428,0.0337841535429457,40,neutral,0.675
25,2,-0.0016846757382154465,0.02565070841529444,40,neutral,0.85
25,3,-0.006477039804061255,0.030823822920144923,40,neutral,0.75
25,4,-0.0008807241916656494,0.02023295253540549,40,neutral,0.9
25,5,-0.0045643826325734455,0.027154973108366877,40,neutral,0.8
25,6,-0.00826156735420227,0.02067699349434265,40,neutral,0.875
25,7,-0.015640340000391006,0.028885931573348844,40,neutral,0.75
25,8,-0.016723273942867913,0.029744590940716457,40,neutral,0.75
25,9,-0.021208544373512266,0.03155149700219479,40,neutral,0.675
25,10,-0.019135794043540953,0.03013332929602101,40,neutral,0.7
25,11,-0.022185931496676945,0.03126530602924813,40,neutral,0.65
25,12,-0.010527096688747406,0.04247883965407677,40,neutral,0.725
25,13,-0.020297658815979957,0.0320854785434945,40,neutral,0.7
25,14,-0.01410433165729046,0.03854335918305657,40,neutral,0.6
25,15,-0.013399364550908404,0.02586307224976851,40,neutral,0.8
25,16,0.0009604752063751221,0.019611299556399904,40,neutral,0.875
25,17,-0.007489954680204391,0.03110220995943064,40,neutral,0.775
25,18,0.0017136417329311371,0.022243214146422285,40,neutral,0.9
25,19,0.012085025385022163,0.0351289772663886,40,neutral,0.75
25,20,0.0,0.0,40,neutral,1.0
25,21,-0.01773406540354093,0.029656216547533337,40,neutral,0.725
25,22,-0.014411086961627007,0.027464820531797277,40,neutral,0.775
25,23,-0.01367032453417778,0.043799503477638925,40,neutral,0.675
25,24,-0.008297366897265117,0.02542445451726661,40,neutral,0.875
25,25,-0.0338425940523545,0.04086896535719463,40,neutral,0.5
25,26,-0.010987069706122081,0.024363120161870994,40,neutral,0.825
25,27,-0.0188766673207283,0.02972033123713532,40,neutral,0.7
26,0,-0.01926083639264107,0.02836551454720843,40,neutral,0.675
26,1,-0.018682984709739687,0.03158896281741908,40,neutral,0.725
26,2,-0.019978579506278037,0.034666847979923095,40,neutral,0.65
26,3,-0.023839430660009382,0.03487660751986444,40,neutral,0.65
26,4,-0.011527296652396522,0.028125199787054054,40,neutral,0.85
26,5,-0.018264367431402206,0.02864896641554546,40,neutral,0.7
26,6,-0.018620070815086365,0.029091125015672854,40,neutral,0.7
26,7,-0.023328974225691388,0.03504067357749134,40,neutral,0.675
26,8,-0.0012589454650878905,0.00795513013326225,40,neutral,0.975
26,9,-0.024335495283206304,0.031633138434695576,40,neutral,0.625
26,10,-0.004249186813831329,0.015132065764687055,40,neutral,0.925
26,11,0.019105416536331177,0.0547277960823207,40,neutral,0.75
26,12,-0.00321673961977164,0.023766400403481987,40,neutral,0.875
26,13,-0.02344197171429793,0.03334670242419955,40,neutral,0.65
26,14,-0.027543224493662515,0.03285249157799568,40,neutral,0.575
26,15,-0.026424141228199007,0.03175757581832634,40,neutral,0.575
26,16,-0.0258048540353775,0.03893150219455501,40,neutral,0.525
26,17,-0.016627758791049323,0.027552340189798793,40,neutral,0.725
26,18,-0.02192782685160637,0.035075266215755234,40,neutral,0.7
26,19,-0.021746518661578496,0.033049321052658856,40,neutral,0.675
26,20,-0.010431820402542749,0.023096290283774537,40,neutral,0.825
26,21,-0.002451494336128235,0.012358172135315907,40,neutral,0.95
26,22,0.0,0.0,40,neutral,1.0
26,23,0.0005086551109949753,0.041745971670737306,40,neutral,0.75
26,24,0.002054009089867274,0.032268090771490836,40,neutral,0.825
26,25,0.001077546179294586,0.023812936536123774,40,neutral,0.85
26,26,0.0074586110810438795,0.031337228238182815,40,neutral,0.775
26,27,-0.016956515486041705,0.03425585136735493,40,neutral,0.675
27,0,-0.014962577447295188,0.029569680413580664,40,neutral,0.775
27,1,-0.018299909361771175,0.03114956690869343,40,neutral,0.725
27,2,-0.018697902808586755,0.02748244511486397,40,neutral,0.675
27,3,-0.02141030540068944,0.03216720109316091,40,neutral,0.675
27,4,-0.012887105718255043,0.03052496045111944,40,neutral,0.75
27,5,-0.019969960302114488,0.034236374514853264,40,neutral,0.725
27,6,-0.022011376917362213,0.03093813214629236,40,neutral,0.65
27,7,0.003086102878053983,0.012262768733745027,40,neutral,0.95
27,8,-3.4190714359283446e-06,0.0001146604815591127,40,neutral,1.0
27,9,-5.61639666557312e-05,0.00022886768138172194,40,neutral,1.0
27,10,-0.001461026675644375,0.004397714296386142,40,neutral,1.0
27,11,2.2239983081817627e-06,3.3227712371823096e-05,40,neutral,1.0
27,12,-0.0005585802718997002,0.010665846418870613,40,neutral,0.95
27,13,0.0005736193309227625,0.0046531764792201715,40,neutral,1.0
27,14,-0.022381312400102615,0.0317112392932327,40,neutral,0.65
27,15,-0.01817900612950325,0.03046355325016151,40,neutral,0.725
27,16,-0.023332256327072778,0.030854657106663734,40,neutral,0.625
27,17,-0.01628827954332034,0.02887682869609212,40,neutral,0.75
27,18,-0.025923976823687557,0.03549602057242337,40,neutral,0.625
27,19,-0.024369189515709877,0.0328371015107869,40,neutral,0.625
27,20,-0.019706275686621665,0.030981897389072692,40,neutral,0.7
27,21,-0.017483803257346154,0.03125640692308293,40,neutral,0.75
27,22,-0.02437477558851242,0.03533753040341452,40,neutral,0.65
27,23,-0.02328841102619966,0.03492863372624359,40,neutral,0.675
27,24,-0.011435804516077041,0.030335365918478456,40,neutral,0.8
27,25,-0.009378756831089656,0.022474975083067533,40,neutral,0.85
27,26,-0.01589324399828911,0.028228477855957827,40,neutral,0.75
27,27,-0.019216112544139227,0.030366520699638095,40,neutral,0.7
